{
  "accuracy": 1.0,
  "macro_f1": 1.0,
  "report": {
    "negative": {
      "precision": 1.0,
      "recall": 1.0,
      "f1-score": 1.0,
      "support": 31.0
    },
    "neutral": {
      "precision": 1.0,
      "recall": 1.0,
      "f1-score": 1.0,
      "support": 27.0
    },
    "positive": {
      "precision": 1.0,
      "recall": 1.0,
      "f1-score": 1.0,
      "support": 32.0
    },
    "accuracy": 1.0,
    "macro avg": {
      "precision": 1.0,
      "recall": 1.0,
      "f1-score": 1.0,
      "support": 90.0
    },
    "weighted avg": {
      "precision": 1.0,
      "recall": 1.0,
      "f1-score": 1.0,
      "support": 90.0
    }
  }
}